Winery;Wine name;Vintage;Region;Country;Wine type;User cellar count
Bollinger;La Grande Année Brut Champagne;2014;Champagne;France;Sparkling;1
Magula;Červený Vlk;;Malokarpatská;Slovakia;Red Wine;1
Milan Nestarec;Umami;;Morava;Czech Republic;White Wine;1
Bollinger;Special Cuvée Brut Aÿ Champagne;;Champagne;France;Sparkling;1
Georg Breuer;Berg Rottland Riesling;2019;Rheingau;Germany;White Wine;1
Georg Breuer;Pfaffenwies;2020;Rheingau;Germany;White Wine;1
Mas Sainte Berthe;Tradition Les Baux de Provence;2021;Les Baux-de-Provence;France;Red Wine;1
Martin Pomfy - Mavín;Selection Frankovka Modrá;2021;Wine of Slovakia;Slovakia;Red Wine;1
Toni Gelabert;Torre des Canonge Blanco;2022;Islas Baleares;Spain;White Wine;1
Franz Keller;Oberbergener Bassgeige Chardonnay;2022;Baden;Germany;White Wine;1
Naboso;Rituál;2022;Wine of Slovakia;Slovakia;Red Wine;1
Kasnyik Rodinné Vinárstvo;Sauvignon Blanc;2022;Wine of Slovakia;Slovakia;White Wine;1
Magula;Teufelstal Pinot Noir;2021;Malokarpatská;Slovakia;Red Wine;1
Weingut Seckinger;Am Kirchenberg Riesling;2022;Pfalz;Germany;White Wine;1
Naboso;Opera;2024;Wine of Slovakia;Slovakia;Sparkling;1
Claus Preisinger;Blaufränkisch Kalkstein;2023;Burgenland;Austria;Red Wine;2
Künstler;Pfaffenberg Monopol GG;2021;Rheingau;Germany;White Wine;1
Naboso;Labyrint I;;Wine of Slovakia;Slovakia;White Wine;1
Herxheim am Berg;Dackenheimer Liebesbrunnen Frühburgunder;;Pfalz;Germany;Red Wine;1
Martin Pomfy - Mavín;Riesling;2024;Wine of Slovakia;Slovakia;White Wine;1
Magula;Rosenberg Frankovka;2021;Malokarpatská;Slovakia;Red Wine;2
Domaine Nudant;Bourgogne Côte-d’Or Pinot Noir;2023;Bourgogne Côte d’Or;France;Red Wine;1
Weingut Carsten Saalwächter;Alte Reben Silvaner;2023;Rheinhessen;Germany;White Wine;1
Chateau Belá;Riesling;2017;Južnoslovenská;sk;White Wine;1
Domaine Nudant;Bourgogne Côte d’Or Chardonnay;2023;Bourgogne Côte d’Or;France;White Wine;1
Christian Tschida;Birdscape Pink Maceration;2023;Burgenland;Austria;Red Wine;1
Caillez Lemaire;Pur Meunier Brut Nature Champagne;2018;Champagne;France;Sparkling;1
Heuriger Bauer;Lage Kirchberg Grüner Veltliner;2023;Weinviertel;Austria;White Wine;1
Künstler;Kalkstein Chardonnay;2024;Rheingau;Germany;White Wine;1
Château Topoľčianky;Vinohradnícky Výber Chardonnay Výber z Hrozna;2024;Južnoslovenská;Slovakia;White Wine;1
Künstler;Spätburgunder Trocken;2024;Rheingau;de;Red Wine;1
